humans,rumor_reach_frac,exposed_frac,final_rumor_frac,final_correction_frac,peak_rumor_active,time_to_peak,bot_fraction,factcheck_fraction,factcheck_placement,run,cascade,bots,factcheck
300,0.04666666666666667,0.21666666666666667,0.02666666666666667,0.07,6,8,0.0,0.0,hubs,0,False,0%,без фактчекеров
300,0.16333333333333333,0.6066666666666667,0.08666666666666667,0.29333333333333333,21,10,0.0,0.0,hubs,1,False,0%,без фактчекеров
300,0.0033333333333333335,0.01,0.0033333333333333335,0.0033333333333333335,1,0,0.0,0.0,hubs,2,False,0%,без фактчекеров
300,0.04666666666666667,0.24333333333333335,0.023333333333333334,0.07333333333333333,4,8,0.0,0.0,hubs,3,False,0%,без фактчекеров
300,0.08333333333333333,0.4033333333333333,0.03666666666666667,0.16333333333333333,8,5,0.0,0.0,hubs,4,False,0%,без фактчекеров
300,0.0033333333333333335,0.01,0.0,0.01,1,0,0.0,0.0,hubs,5,False,0%,без фактчекеров
300,0.0033333333333333335,0.016666666666666666,0.0033333333333333335,0.0,1,0,0.0,0.0,hubs,6,False,0%,без фактчекеров
300,0.0033333333333333335,0.013333333333333334,0.0033333333333333335,0.0,1,0,0.0,0.0,hubs,7,False,0%,без фактчекеров
300,0.09666666666666666,0.3466666666666667,0.056666666666666664,0.15,10,12,0.0,0.0,hubs,8,False,0%,без фактчекеров
300,0.0033333333333333335,0.01,0.0,0.006666666666666667,1,0,0.0,0.0,hubs,9,False,0%,без фактчекеров
300,0.02,0.09,0.006666666666666667,0.03,2,4,0.0,0.0,hubs,10,False,0%,без фактчекеров
300,0.006666666666666667,0.02,0.006666666666666667,0.0,2,1,0.0,0.0,hubs,11,False,0%,без фактчекеров
300,0.16666666666666666,0.6066666666666667,0.05,0.37666666666666665,28,9,0.0,0.0,hubs,12,False,0%,без фактчекеров
300,0.01,0.023333333333333334,0.01,0.0033333333333333335,3,1,0.0,0.0,hubs,13,False,0%,без фактчекеров
300,0.0033333333333333335,0.006666666666666667,0.0033333333333333335,0.0,1,0,0.0,0.0,hubs,14,False,0%,без фактчекеров
300,0.0033333333333333335,0.01,0.0033333333333333335,0.0,1,0,0.0,0.0,hubs,15,False,0%,без фактчекеров
300,0.12,0.4533333333333333,0.08,0.17333333333333334,8,6,0.0,0.0,hubs,16,False,0%,без фактчекеров
300,0.0033333333333333335,0.01,0.0033333333333333335,0.0033333333333333335,1,0,0.0,0.0,hubs,17,False,0%,без фактчекеров
300,0.0033333333333333335,0.01,0.0033333333333333335,0.0,1,0,0.0,0.0,hubs,18,False,0%,без фактчекеров
300,0.03,0.15333333333333332,0.01,0.06,5,3,0.0,0.0,hubs,19,False,0%,без фактчекеров
300,0.07,0.27,0.04,0.13,9,7,0.0,0.0,hubs,20,False,0%,без фактчекеров
300,0.056666666666666664,0.29333333333333333,0.023333333333333334,0.10666666666666667,7,6,0.0,0.0,hubs,21,False,0%,без фактчекеров
300,0.06666666666666667,0.3466666666666667,0.04,0.12,11,4,0.0,0.0,hubs,22,False,0%,без фактчекеров
300,0.0033333333333333335,0.013333333333333334,0.0033333333333333335,0.0,1,0,0.0,0.0,hubs,23,False,0%,без фактчекеров
300,0.0033333333333333335,0.013333333333333334,0.0033333333333333335,0.0,1,0,0.0,0.0,hubs,24,False,0%,без фактчекеров
300,0.0033333333333333335,0.013333333333333334,0.0,0.01,1,0,0.0,0.0,hubs,25,False,0%,без фактчекеров
300,0.12666666666666668,0.47333333333333333,0.07333333333333333,0.24,19,7,0.0,0.0,hubs,26,False,0%,без фактчекеров
300,0.006666666666666667,0.02,0.006666666666666667,0.0,2,2,0.0,0.0,hubs,27,False,0%,без фактчекеров
300,0.04,0.17333333333333334,0.023333333333333334,0.05,5,8,0.0,0.0,hubs,28,False,0%,без фактчекеров
300,0.006666666666666667,0.023333333333333334,0.0033333333333333335,0.016666666666666666,2,1,0.0,0.0,hubs,29,False,0%,без фактчекеров
297,0.18518518518518517,0.6296296296296297,0.13468013468013468,0.21212121212121213,14,13,0.01,0.0,hubs,0,False,1%,без фактчекеров
297,0.18855218855218855,0.6296296296296297,0.10437710437710437,0.3063973063973064,18,6,0.01,0.0,hubs,1,False,1%,без фактчекеров
297,0.050505050505050504,0.2828282828282828,0.026936026936026935,0.1111111111111111,9,5,0.01,0.0,hubs,2,False,1%,без фактчекеров
297,0.15488215488215487,0.5454545454545454,0.07407407407407407,0.27946127946127947,15,5,0.01,0.0,hubs,3,False,1%,без фактчекеров
297,0.1750841750841751,0.5959595959595959,0.11447811447811448,0.24579124579124578,17,6,0.01,0.0,hubs,4,False,1%,без фактчекеров
297,0.037037037037037035,0.1750841750841751,0.010101010101010102,0.12121212121212122,6,3,0.01,0.0,hubs,5,False,1%,без фактчекеров
297,0.06734006734006734,0.24579124579124578,0.05387205387205387,0.08417508417508418,9,6,0.01,0.0,hubs,6,False,1%,без фактчекеров
297,0.13804713804713806,0.5420875420875421,0.09764309764309764,0.23905723905723905,11,2,0.01,0.0,hubs,7,False,1%,без фактчекеров
297,0.13804713804713806,0.48148148148148145,0.0707070707070707,0.21885521885521886,23,5,0.01,0.0,hubs,8,False,1%,без фактчекеров
297,0.16161616161616163,0.5488215488215489,0.09427609427609428,0.24579124579124578,13,7,0.01,0.0,hubs,9,False,1%,без фактчекеров
297,0.19865319865319866,0.6531986531986532,0.13131313131313133,0.27946127946127947,19,15,0.01,0.0,hubs,10,False,1%,без фактчекеров
297,0.2895622895622896,0.7912457912457912,0.14814814814814814,0.37373737373737376,34,5,0.01,0.0,hubs,11,True,1%,без фактчекеров
297,0.09090909090909091,0.4107744107744108,0.04377104377104377,0.18855218855218855,7,16,0.01,0.0,hubs,12,False,1%,без фактчекеров
297,0.12794612794612795,0.5353535353535354,0.07407407407407407,0.23905723905723905,16,14,0.01,0.0,hubs,13,False,1%,без фактчекеров
297,0.18181818181818182,0.5925925925925926,0.10437710437710437,0.24242424242424243,21,5,0.01,0.0,hubs,14,False,1%,без фактчекеров
297,0.14814814814814814,0.5723905723905723,0.09090909090909091,0.23905723905723905,17,7,0.01,0.0,hubs,15,False,1%,без фактчекеров
297,0.1111111111111111,0.47474747474747475,0.030303030303030304,0.26936026936026936,15,5,0.01,0.0,hubs,16,False,1%,без фактчекеров
297,0.1447811447811448,0.6127946127946128,0.05723905723905724,0.28619528619528617,20,5,0.01,0.0,hubs,17,False,1%,без фактчекеров
297,0.10774410774410774,0.468013468013468,0.05723905723905724,0.24242424242424243,14,9,0.01,0.0,hubs,18,False,1%,без фактчекеров
297,0.2053872053872054,0.7037037037037037,0.08754208754208755,0.39057239057239057,24,11,0.01,0.0,hubs,19,True,1%,без фактчекеров
297,0.11784511784511785,0.45791245791245794,0.06397306397306397,0.21212121212121213,13,3,0.01,0.0,hubs,20,False,1%,без фактчекеров
297,0.1414141414141414,0.5555555555555556,0.09090909090909091,0.21212121212121213,12,18,0.01,0.0,hubs,21,False,1%,без фактчекеров
297,0.16498316498316498,0.5824915824915825,0.08754208754208755,0.29292929292929293,20,12,0.01,0.0,hubs,22,False,1%,без фактчекеров
297,0.13804713804713806,0.5185185185185185,0.08080808080808081,0.2558922558922559,10,11,0.01,0.0,hubs,23,False,1%,без фактчекеров
297,0.10437710437710437,0.32996632996632996,0.08754208754208755,0.1111111111111111,14,8,0.01,0.0,hubs,24,False,1%,без фактчекеров
297,0.1447811447811448,0.531986531986532,0.08417508417508418,0.2255892255892256,11,19,0.01,0.0,hubs,25,False,1%,без фактчекеров
297,0.13131313131313133,0.5218855218855218,0.06397306397306397,0.2760942760942761,10,6,0.01,0.0,hubs,26,False,1%,без фактчекеров
297,0.22895622895622897,0.6565656565656566,0.1414141414141414,0.27946127946127947,22,6,0.01,0.0,hubs,27,True,1%,без фактчекеров
297,0.11784511784511785,0.5218855218855218,0.037037037037037035,0.2962962962962963,17,4,0.01,0.0,hubs,28,False,1%,без фактчекеров
297,0.1111111111111111,0.5016835016835017,0.06397306397306397,0.2222222222222222,19,3,0.01,0.0,hubs,29,False,1%,без фактчекеров
291,0.2508591065292096,0.7216494845360825,0.13745704467353953,0.3848797250859107,34,7,0.03,0.0,hubs,0,True,3%,без фактчекеров
291,0.16494845360824742,0.5807560137457045,0.10996563573883161,0.281786941580756,20,3,0.03,0.0,hubs,1,False,3%,без фактчекеров
291,0.1718213058419244,0.5498281786941581,0.13058419243986255,0.23711340206185566,15,7,0.03,0.0,hubs,2,False,3%,без фактчекеров
291,0.1718213058419244,0.5773195876288659,0.08934707903780069,0.281786941580756,20,5,0.03,0.0,hubs,3,False,3%,без фактчекеров
291,0.16838487972508592,0.5773195876288659,0.10652920962199312,0.2542955326460481,18,4,0.03,0.0,hubs,4,False,3%,без фактчекеров
291,0.15807560137457044,0.563573883161512,0.08934707903780069,0.3230240549828179,17,6,0.03,0.0,hubs,5,False,3%,без фактчекеров
291,0.12027491408934708,0.436426116838488,0.07903780068728522,0.2268041237113402,9,6,0.03,0.0,hubs,6,False,3%,без фактчекеров
291,0.2268041237113402,0.6941580756013745,0.140893470790378,0.32989690721649484,17,11,0.03,0.0,hubs,7,True,3%,без фактчекеров
291,0.16151202749140894,0.5223367697594502,0.08934707903780069,0.24398625429553264,19,3,0.03,0.0,hubs,8,False,3%,без фактчекеров
291,0.10996563573883161,0.5120274914089347,0.05154639175257732,0.27491408934707906,17,5,0.03,0.0,hubs,9,False,3%,без фактчекеров
291,0.14432989690721648,0.5360824742268041,0.061855670103092786,0.28865979381443296,15,5,0.03,0.0,hubs,10,False,3%,без фактчекеров
291,0.23367697594501718,0.6769759450171822,0.13402061855670103,0.35051546391752575,18,7,0.03,0.0,hubs,11,True,3%,без фактчекеров
291,0.24054982817869416,0.7731958762886598,0.13745704467353953,0.3539518900343643,28,6,0.03,0.0,hubs,12,True,3%,без фактчекеров
291,0.15120274914089346,0.5292096219931272,0.07903780068728522,0.30927835051546393,10,4,0.03,0.0,hubs,13,False,3%,без фактчекеров
291,0.25773195876288657,0.7044673539518901,0.19931271477663232,0.24742268041237114,24,5,0.03,0.0,hubs,14,True,3%,без фактчекеров
291,0.13058419243986255,0.5120274914089347,0.07216494845360824,0.24742268041237114,10,5,0.03,0.0,hubs,15,False,3%,без фактчекеров
291,0.19243986254295534,0.6048109965635738,0.10652920962199312,0.32646048109965636,15,3,0.03,0.0,hubs,16,False,3%,без фактчекеров
291,0.18900343642611683,0.5738831615120275,0.1134020618556701,0.2920962199312715,18,4,0.03,0.0,hubs,17,False,3%,без фактчекеров
291,0.1718213058419244,0.6013745704467354,0.1134020618556701,0.2268041237113402,15,7,0.03,0.0,hubs,18,False,3%,без фактчекеров
291,0.1718213058419244,0.4948453608247423,0.10309278350515463,0.2268041237113402,14,4,0.03,0.0,hubs,19,False,3%,без фактчекеров
291,0.17525773195876287,0.5360824742268041,0.10652920962199312,0.24054982817869416,17,3,0.03,0.0,hubs,20,False,3%,без фактчекеров
291,0.17525773195876287,0.5257731958762887,0.10309278350515463,0.24398625429553264,10,4,0.03,0.0,hubs,21,False,3%,без фактчекеров
291,0.17525773195876287,0.5807560137457045,0.09965635738831616,0.2542955326460481,18,6,0.03,0.0,hubs,22,False,3%,без фактчекеров
291,0.15463917525773196,0.6288659793814433,0.09621993127147767,0.26804123711340205,21,5,0.03,0.0,hubs,23,False,3%,без фактчекеров
291,0.2268041237113402,0.6907216494845361,0.14432989690721648,0.3127147766323024,21,6,0.03,0.0,hubs,24,True,3%,без фактчекеров
291,0.1718213058419244,0.5498281786941581,0.10652920962199312,0.2542955326460481,16,5,0.03,0.0,hubs,25,False,3%,без фактчекеров
291,0.13745704467353953,0.5154639175257731,0.0859106529209622,0.21993127147766323,12,4,0.03,0.0,hubs,26,False,3%,без фактчекеров
291,0.20962199312714777,0.7010309278350515,0.1134020618556701,0.3711340206185567,20,3,0.03,0.0,hubs,27,True,3%,без фактчекеров
291,0.17525773195876287,0.5601374570446735,0.08247422680412371,0.27147766323024053,17,5,0.03,0.0,hubs,28,False,3%,без фактчекеров
291,0.14776632302405499,0.5601374570446735,0.08934707903780069,0.29896907216494845,18,3,0.03,0.0,hubs,29,False,3%,без фактчекеров
285,0.23508771929824562,0.6807017543859649,0.12280701754385964,0.37894736842105264,13,4,0.05,0.0,hubs,0,True,5%,без фактчекеров
285,0.22456140350877193,0.7192982456140351,0.09824561403508772,0.47368421052631576,31,4,0.05,0.0,hubs,1,True,5%,без фактчекеров
285,0.19649122807017544,0.6,0.13333333333333333,0.2736842105263158,14,3,0.05,0.0,hubs,2,False,5%,без фактчекеров
285,0.14385964912280702,0.5157894736842106,0.08421052631578947,0.27017543859649124,14,3,0.05,0.0,hubs,3,False,5%,без фактчекеров
285,0.19649122807017544,0.624561403508772,0.10877192982456141,0.32280701754385965,26,4,0.05,0.0,hubs,4,False,5%,без фактчекеров
285,0.21052631578947367,0.631578947368421,0.15087719298245614,0.28771929824561404,19,6,0.05,0.0,hubs,5,True,5%,без фактчекеров
285,0.22456140350877193,0.6912280701754386,0.15087719298245614,0.2912280701754386,20,4,0.05,0.0,hubs,6,True,5%,без фактчекеров
285,0.24912280701754386,0.7052631578947368,0.13333333333333333,0.4,36,4,0.05,0.0,hubs,7,True,5%,без фактчекеров
285,0.256140350877193,0.743859649122807,0.17543859649122806,0.34385964912280703,32,4,0.05,0.0,hubs,8,True,5%,без фактчекеров
285,0.17192982456140352,0.5508771929824562,0.11929824561403508,0.24210526315789474,10,6,0.05,0.0,hubs,9,False,5%,без фактчекеров
285,0.21052631578947367,0.5964912280701754,0.15789473684210525,0.23859649122807017,17,4,0.05,0.0,hubs,10,True,5%,без фактчекеров
285,0.27017543859649124,0.7578947368421053,0.18596491228070175,0.3087719298245614,35,4,0.05,0.0,hubs,11,True,5%,без фактчекеров
285,0.29473684210526313,0.8035087719298246,0.17543859649122806,0.43859649122807015,35,6,0.05,0.0,hubs,12,True,5%,без фактчекеров
285,0.23859649122807017,0.7263157894736842,0.12982456140350876,0.45964912280701753,28,3,0.05,0.0,hubs,13,True,5%,без фактчекеров
285,0.24561403508771928,0.712280701754386,0.14736842105263157,0.3824561403508772,24,5,0.05,0.0,hubs,14,True,5%,без фактчекеров
285,0.1649122807017544,0.6385964912280702,0.08070175438596491,0.3157894736842105,21,5,0.05,0.0,hubs,15,False,5%,без фактчекеров
285,0.20350877192982456,0.656140350877193,0.09473684210526316,0.41754385964912283,22,6,0.05,0.0,hubs,16,True,5%,без фактчекеров
285,0.21052631578947367,0.631578947368421,0.13333333333333333,0.3368421052631579,24,5,0.05,0.0,hubs,17,True,5%,без фактчекеров
285,0.2,0.6421052631578947,0.11228070175438597,0.32280701754385965,20,4,0.05,0.0,hubs,18,False,5%,без фактчекеров
285,0.1649122807017544,0.6035087719298246,0.09473684210526316,0.32280701754385965,24,3,0.05,0.0,hubs,19,False,5%,без фактчекеров
285,0.28421052631578947,0.7719298245614035,0.18596491228070175,0.34385964912280703,31,5,0.05,0.0,hubs,20,True,5%,без фактчекеров
285,0.1824561403508772,0.5508771929824562,0.08070175438596491,0.3087719298245614,21,5,0.05,0.0,hubs,21,False,5%,без фактчекеров
285,0.18596491228070175,0.5473684210526316,0.10877192982456141,0.2912280701754386,15,6,0.05,0.0,hubs,22,False,5%,без фактчекеров
285,0.23508771929824562,0.6491228070175439,0.12631578947368421,0.34385964912280703,22,4,0.05,0.0,hubs,23,True,5%,без фактчекеров
285,0.22456140350877193,0.6771929824561403,0.11578947368421053,0.3824561403508772,26,5,0.05,0.0,hubs,24,True,5%,без фактчекеров
285,0.27017543859649124,0.7368421052631579,0.18947368421052632,0.2982456140350877,22,3,0.05,0.0,hubs,25,True,5%,без фактчекеров
285,0.25263157894736843,0.7192982456140351,0.1543859649122807,0.34385964912280703,20,3,0.05,0.0,hubs,26,True,5%,без фактчекеров
285,0.25263157894736843,0.7614035087719299,0.15789473684210525,0.3824561403508772,23,3,0.05,0.0,hubs,27,True,5%,без фактчекеров
285,0.23157894736842105,0.7017543859649122,0.12982456140350876,0.3929824561403509,25,2,0.05,0.0,hubs,28,True,5%,без фактчекеров
285,0.2596491228070175,0.7789473684210526,0.13333333333333333,0.43859649122807015,34,4,0.05,0.0,hubs,29,True,5%,без фактчекеров
270,0.2740740740740741,0.7962962962962963,0.15925925925925927,0.4740740740740741,23,3,0.1,0.0,hubs,0,True,10%,без фактчекеров
270,0.2777777777777778,0.774074074074074,0.17037037037037037,0.45925925925925926,28,4,0.1,0.0,hubs,1,True,10%,без фактчекеров
270,0.25925925925925924,0.7111111111111111,0.2,0.34074074074074073,16,7,0.1,0.0,hubs,2,True,10%,без фактчекеров
270,0.2111111111111111,0.6666666666666666,0.14074074074074075,0.337037037037037,18,4,0.1,0.0,hubs,3,True,10%,без фактчекеров
270,0.2851851851851852,0.7518518518518519,0.13333333333333333,0.5148148148148148,34,3,0.1,0.0,hubs,4,True,10%,без фактчекеров
270,0.24444444444444444,0.7296296296296296,0.13703703703703704,0.43703703703703706,24,3,0.1,0.0,hubs,5,True,10%,без фактчекеров
270,0.25555555555555554,0.7407407407407407,0.18888888888888888,0.37407407407407406,20,3,0.1,0.0,hubs,6,True,10%,без фактчекеров
270,0.32592592592592595,0.8333333333333334,0.18888888888888888,0.5,38,3,0.1,0.0,hubs,7,True,10%,без фактчекеров
270,0.25925925925925924,0.7481481481481481,0.16666666666666666,0.43703703703703706,26,2,0.1,0.0,hubs,8,True,10%,без фактчекеров
270,0.2740740740740741,0.7555555555555555,0.16666666666666666,0.43333333333333335,22,3,0.1,0.0,hubs,9,True,10%,без фактчекеров
270,0.1925925925925926,0.6037037037037037,0.13703703703703704,0.35555555555555557,18,4,0.1,0.0,hubs,10,False,10%,без фактчекеров
270,0.3333333333333333,0.7925925925925926,0.1925925925925926,0.45925925925925926,30,3,0.1,0.0,hubs,11,True,10%,без фактчекеров
270,0.32592592592592595,0.8148148148148148,0.18888888888888888,0.45185185185185184,33,4,0.1,0.0,hubs,12,True,10%,без фактчекеров
270,0.3333333333333333,0.7777777777777778,0.23703703703703705,0.4148148148148148,35,4,0.1,0.0,hubs,13,True,10%,без фактчекеров
270,0.26296296296296295,0.7703703703703704,0.15925925925925927,0.4222222222222222,31,3,0.1,0.0,hubs,14,True,10%,без фактчекеров
270,0.21851851851851853,0.6074074074074074,0.14444444444444443,0.3333333333333333,15,6,0.1,0.0,hubs,15,True,10%,без фактчекеров
270,0.26296296296296295,0.7851851851851852,0.12222222222222222,0.5407407407407407,36,3,0.1,0.0,hubs,16,True,10%,без фактчекеров
270,0.24074074074074073,0.7,0.16666666666666666,0.37777777777777777,19,3,0.1,0.0,hubs,17,True,10%,без фактчекеров
270,0.2222222222222222,0.6888888888888889,0.13703703703703704,0.3925925925925926,16,5,0.1,0.0,hubs,18,True,10%,без фактчекеров
270,0.22592592592592592,0.6592592592592592,0.1259259259259259,0.3888888888888889,20,2,0.1,0.0,hubs,19,True,10%,без фактчекеров
270,0.32222222222222224,0.8407407407407408,0.17037037037037037,0.5111111111111111,34,5,0.1,0.0,hubs,20,True,10%,без фактчекеров
270,0.26666666666666666,0.7222222222222222,0.17037037037037037,0.43703703703703706,26,4,0.1,0.0,hubs,21,True,10%,без фактчекеров
270,0.25925925925925924,0.7074074074074074,0.16666666666666666,0.3888888888888889,24,3,0.1,0.0,hubs,22,True,10%,без фактчекеров
270,0.23333333333333334,0.6962962962962963,0.13703703703703704,0.4111111111111111,22,3,0.1,0.0,hubs,23,True,10%,без фактчекеров
270,0.28888888888888886,0.7555555555555555,0.17407407407407408,0.42962962962962964,32,4,0.1,0.0,hubs,24,True,10%,без фактчекеров
270,0.35185185185185186,0.7962962962962963,0.24814814814814815,0.3814814814814815,32,3,0.1,0.0,hubs,25,True,10%,без фактчекеров
270,0.28888888888888886,0.7074074074074074,0.1814814814814815,0.3814814814814815,30,3,0.1,0.0,hubs,26,True,10%,без фактчекеров
270,0.22592592592592592,0.7296296296296296,0.13333333333333333,0.4925925925925926,20,4,0.1,0.0,hubs,27,True,10%,без фактчекеров
270,0.21481481481481482,0.662962962962963,0.14074074074074075,0.4,20,2,0.1,0.0,hubs,28,True,10%,без фактчекеров
270,0.24814814814814815,0.725925925925926,0.16296296296296298,0.3962962962962963,24,3,0.1,0.0,hubs,29,True,10%,без фактчекеров
291,0.006872852233676976,0.024054982817869417,0.003436426116838488,0.01718213058419244,2,2,0.0,0.03,hubs,0,False,0%,3% фактчекеров в хабах
291,0.006872852233676976,0.030927835051546393,0.003436426116838488,0.013745704467353952,2,1,0.0,0.03,hubs,1,False,0%,3% фактчекеров в хабах
291,0.01718213058419244,0.09965635738831616,0.0,0.06529209621993128,3,2,0.0,0.03,hubs,2,False,0%,3% фактчекеров в хабах
291,0.006872852233676976,0.013745704467353952,0.006872852233676976,0.0,2,2,0.0,0.03,hubs,3,False,0%,3% фактчекеров в хабах
291,0.003436426116838488,0.013745704467353952,0.0,0.006872852233676976,1,0,0.0,0.03,hubs,4,False,0%,3% фактчекеров в хабах
291,0.003436426116838488,0.013745704467353952,0.0,0.010309278350515464,1,0,0.0,0.03,hubs,5,False,0%,3% фактчекеров в хабах
291,0.003436426116838488,0.003436426116838488,0.0,0.003436426116838488,1,0,0.0,0.03,hubs,6,False,0%,3% фактчекеров в хабах
291,0.006872852233676976,0.01718213058419244,0.0,0.013745704467353952,2,2,0.0,0.03,hubs,7,False,0%,3% фактчекеров в хабах
291,0.020618556701030927,0.15120274914089346,0.003436426116838488,0.12371134020618557,4,6,0.0,0.03,hubs,8,False,0%,3% фактчекеров в хабах
291,0.003436426116838488,0.010309278350515464,0.003436426116838488,0.0,1,0,0.0,0.03,hubs,9,False,0%,3% фактчекеров в хабах
291,0.09621993127147767,0.3711340206185567,0.03436426116838488,0.2646048109965636,14,9,0.0,0.03,hubs,10,False,0%,3% фактчекеров в хабах
291,0.01718213058419244,0.058419243986254296,0.010309278350515464,0.030927835051546393,3,2,0.0,0.03,hubs,11,False,0%,3% фактчекеров в хабах
291,0.003436426116838488,0.013745704467353952,0.003436426116838488,0.003436426116838488,1,0,0.0,0.03,hubs,12,False,0%,3% фактчекеров в хабах
291,0.03436426116838488,0.10996563573883161,0.010309278350515464,0.0859106529209622,5,5,0.0,0.03,hubs,13,False,0%,3% фактчекеров в хабах
291,0.024054982817869417,0.13058419243986255,0.013745704467353952,0.07560137457044673,3,2,0.0,0.03,hubs,14,False,0%,3% фактчекеров в хабах
291,0.003436426116838488,0.010309278350515464,0.0,0.006872852233676976,1,0,0.0,0.03,hubs,15,False,0%,3% фактчекеров в хабах
291,0.003436426116838488,0.013745704467353952,0.003436426116838488,0.010309278350515464,1,0,0.0,0.03,hubs,16,False,0%,3% фактчекеров в хабах
291,0.027491408934707903,0.15807560137457044,0.01718213058419244,0.06529209621993128,5,5,0.0,0.03,hubs,17,False,0%,3% фактчекеров в хабах
291,0.003436426116838488,0.013745704467353952,0.003436426116838488,0.006872852233676976,1,0,0.0,0.03,hubs,18,False,0%,3% фактчекеров в хабах
291,0.024054982817869417,0.12027491408934708,0.003436426116838488,0.09621993127147767,4,4,0.0,0.03,hubs,19,False,0%,3% фактчекеров в хабах
291,0.037800687285223365,0.13745704467353953,0.024054982817869417,0.058419243986254296,5,12,0.0,0.03,hubs,20,False,0%,3% фактчекеров в хабах
291,0.006872852233676976,0.024054982817869417,0.0,0.020618556701030927,2,1,0.0,0.03,hubs,21,False,0%,3% фактчекеров в хабах
291,0.006872852233676976,0.024054982817869417,0.003436426116838488,0.020618556701030927,2,2,0.0,0.03,hubs,22,False,0%,3% фактчекеров в хабах
291,0.003436426116838488,0.013745704467353952,0.003436426116838488,0.003436426116838488,1,0,0.0,0.03,hubs,23,False,0%,3% фактчекеров в хабах
291,0.003436426116838488,0.013745704467353952,0.0,0.006872852233676976,1,0,0.0,0.03,hubs,24,False,0%,3% фактчекеров в хабах
291,0.003436426116838488,0.013745704467353952,0.0,0.010309278350515464,1,0,0.0,0.03,hubs,25,False,0%,3% фактчекеров в хабах
291,0.010309278350515464,0.027491408934707903,0.003436426116838488,0.020618556701030927,1,0,0.0,0.03,hubs,26,False,0%,3% фактчекеров в хабах
291,0.01718213058419244,0.044673539518900345,0.006872852233676976,0.027491408934707903,2,3,0.0,0.03,hubs,27,False,0%,3% фактчекеров в хабах
291,0.003436426116838488,0.013745704467353952,0.003436426116838488,0.003436426116838488,1,0,0.0,0.03,hubs,28,False,0%,3% фактчекеров в хабах
291,0.010309278350515464,0.030927835051546393,0.006872852233676976,0.010309278350515464,3,2,0.0,0.03,hubs,29,False,0%,3% фактчекеров в хабах
288,0.03125,0.1840277777777778,0.010416666666666666,0.1284722222222222,4,2,0.01,0.03,hubs,0,False,1%,3% фактчекеров в хабах
288,0.06597222222222222,0.22916666666666666,0.03819444444444445,0.1423611111111111,5,4,0.01,0.03,hubs,1,False,1%,3% фактчекеров в хабах
288,0.05555555555555555,0.22569444444444445,0.017361111111111112,0.14583333333333334,7,16,0.01,0.03,hubs,2,False,1%,3% фактчекеров в хабах
288,0.06597222222222222,0.3159722222222222,0.03125,0.16666666666666666,7,8,0.01,0.03,hubs,3,False,1%,3% фактчекеров в хабах
288,0.04513888888888889,0.2465277777777778,0.020833333333333332,0.1527777777777778,9,4,0.01,0.03,hubs,4,False,1%,3% фактчекеров в хабах
288,0.0625,0.22569444444444445,0.03125,0.13541666666666666,6,7,0.01,0.03,hubs,5,False,1%,3% фактчекеров в хабах
288,0.04861111111111111,0.18055555555555555,0.024305555555555556,0.10069444444444445,5,2,0.01,0.03,hubs,6,False,1%,3% фактчекеров в хабах
288,0.1388888888888889,0.5,0.059027777777777776,0.3055555555555556,19,5,0.01,0.03,hubs,7,False,1%,3% фактчекеров в хабах
288,0.0625,0.2013888888888889,0.041666666666666664,0.09375,6,6,0.01,0.03,hubs,8,False,1%,3% фактчекеров в хабах
288,0.06597222222222222,0.2326388888888889,0.03819444444444445,0.1284722222222222,4,6,0.01,0.03,hubs,9,False,1%,3% фактчекеров в хабах
288,0.041666666666666664,0.2222222222222222,0.017361111111111112,0.1284722222222222,7,3,0.01,0.03,hubs,10,False,1%,3% фактчекеров в хабах
288,0.06597222222222222,0.25,0.03125,0.16666666666666666,9,2,0.01,0.03,hubs,11,False,1%,3% фактчекеров в хабах
288,0.03819444444444445,0.1388888888888889,0.017361111111111112,0.08680555555555555,4,8,0.01,0.03,hubs,12,False,1%,3% фактчекеров в хабах
288,0.0625,0.2673611111111111,0.017361111111111112,0.1909722222222222,10,3,0.01,0.03,hubs,13,False,1%,3% фактчекеров в хабах
288,0.05555555555555555,0.2604166666666667,0.020833333333333332,0.1701388888888889,7,2,0.01,0.03,hubs,14,False,1%,3% фактчекеров в хабах
288,0.07291666666666667,0.2743055555555556,0.034722222222222224,0.16319444444444445,5,4,0.01,0.03,hubs,15,False,1%,3% фактчекеров в хабах
288,0.024305555555555556,0.09375,0.006944444444444444,0.07291666666666667,2,5,0.01,0.03,hubs,16,False,1%,3% фактчекеров в хабах
288,0.05555555555555555,0.24305555555555555,0.03819444444444445,0.125,9,7,0.01,0.03,hubs,17,False,1%,3% фактчекеров в хабах
288,0.041666666666666664,0.19791666666666666,0.013888888888888888,0.125,6,19,0.01,0.03,hubs,18,False,1%,3% фактчекеров в хабах
288,0.06597222222222222,0.2847222222222222,0.03819444444444445,0.1701388888888889,3,2,0.01,0.03,hubs,19,False,1%,3% фактчекеров в хабах
288,0.08680555555555555,0.2847222222222222,0.04861111111111111,0.1909722222222222,8,3,0.01,0.03,hubs,20,False,1%,3% фактчекеров в хабах
288,0.041666666666666664,0.1701388888888889,0.020833333333333332,0.09375,6,3,0.01,0.03,hubs,21,False,1%,3% фактчекеров в хабах
288,0.05555555555555555,0.21875,0.034722222222222224,0.13194444444444445,4,4,0.01,0.03,hubs,22,False,1%,3% фактчекеров в хабах
288,0.06597222222222222,0.2777777777777778,0.020833333333333332,0.1840277777777778,5,5,0.01,0.03,hubs,23,False,1%,3% фактчекеров в хабах
288,0.0625,0.1875,0.03819444444444445,0.125,5,3,0.01,0.03,hubs,24,False,1%,3% фактчекеров в хабах
288,0.08680555555555555,0.34375,0.03819444444444445,0.2152777777777778,11,4,0.01,0.03,hubs,25,False,1%,3% фактчекеров в хабах
288,0.03125,0.16666666666666666,0.013888888888888888,0.10416666666666667,3,3,0.01,0.03,hubs,26,False,1%,3% фактчекеров в хабах
288,0.06944444444444445,0.3611111111111111,0.024305555555555556,0.2847222222222222,7,7,0.01,0.03,hubs,27,False,1%,3% фактчекеров в хабах
288,0.052083333333333336,0.20833333333333334,0.020833333333333332,0.16319444444444445,9,3,0.01,0.03,hubs,28,False,1%,3% фактчекеров в хабах
288,0.03125,0.1701388888888889,0.017361111111111112,0.12152777777777778,5,2,0.01,0.03,hubs,29,False,1%,3% фактчекеров в хабах
282,0.05673758865248227,0.2624113475177305,0.031914893617021274,0.1453900709219858,5,6,0.03,0.03,hubs,0,False,3%,3% фактчекеров в хабах
282,0.11347517730496454,0.3829787234042553,0.031914893617021274,0.3049645390070922,14,4,0.03,0.03,hubs,1,False,3%,3% фактчекеров в хабах
282,0.12411347517730496,0.40425531914893614,0.07801418439716312,0.2375886524822695,7,12,0.03,0.03,hubs,2,False,3%,3% фактчекеров в хабах
282,0.06382978723404255,0.22695035460992907,0.02127659574468085,0.14893617021276595,5,2,0.03,0.03,hubs,3,False,3%,3% фактчекеров в хабах
282,0.1276595744680851,0.49645390070921985,0.06028368794326241,0.2872340425531915,13,4,0.03,0.03,hubs,4,False,3%,3% фактчекеров в хабах
282,0.09574468085106383,0.4078014184397163,0.03900709219858156,0.2624113475177305,6,4,0.03,0.03,hubs,5,False,3%,3% фактчекеров в хабах
282,0.10638297872340426,0.41843971631205673,0.0673758865248227,0.24822695035460993,11,3,0.03,0.03,hubs,6,False,3%,3% фактчекеров в хабах
282,0.1276595744680851,0.35106382978723405,0.07092198581560284,0.2127659574468085,10,5,0.03,0.03,hubs,7,False,3%,3% фактчекеров в хабах
282,0.10283687943262411,0.3333333333333333,0.06028368794326241,0.1879432624113475,13,3,0.03,0.03,hubs,8,False,3%,3% фактчекеров в хабах
282,0.11702127659574468,0.43617021276595747,0.05673758865248227,0.2801418439716312,7,3,0.03,0.03,hubs,9,False,3%,3% фактчекеров в хабах
282,0.06382978723404255,0.2730496453900709,0.031914893617021274,0.2198581560283688,6,3,0.03,0.03,hubs,10,False,3%,3% фактчекеров в хабах
282,0.1702127659574468,0.5035460992907801,0.0673758865248227,0.36879432624113473,21,2,0.03,0.03,hubs,11,False,3%,3% фактчекеров в хабах
282,0.1276595744680851,0.425531914893617,0.06382978723404255,0.2730496453900709,8,13,0.03,0.03,hubs,12,False,3%,3% фактчекеров в хабах
282,0.11702127659574468,0.4432624113475177,0.0425531914893617,0.32978723404255317,11,3,0.03,0.03,hubs,13,False,3%,3% фактчекеров в хабах
282,0.14893617021276595,0.5709219858156028,0.04609929078014184,0.44680851063829785,20,4,0.03,0.03,hubs,14,False,3%,3% фактчекеров в хабах
282,0.0673758865248227,0.2553191489361702,0.03546099290780142,0.14893617021276595,10,3,0.03,0.03,hubs,15,False,3%,3% фактчекеров в хабах
282,0.06382978723404255,0.2730496453900709,0.031914893617021274,0.19148936170212766,7,2,0.03,0.03,hubs,16,False,3%,3% фактчекеров в хабах
282,0.08865248226950355,0.2907801418439716,0.06382978723404255,0.1453900709219858,7,4,0.03,0.03,hubs,17,False,3%,3% фактчекеров в хабах
282,0.08156028368794327,0.31560283687943264,0.04609929078014184,0.1950354609929078,8,2,0.03,0.03,hubs,18,False,3%,3% фактчекеров в хабах
282,0.08156028368794327,0.2553191489361702,0.031914893617021274,0.18085106382978725,8,3,0.03,0.03,hubs,19,False,3%,3% фактчекеров в хабах
282,0.1099290780141844,0.3546099290780142,0.03546099290780142,0.2730496453900709,15,2,0.03,0.03,hubs,20,False,3%,3% фактчекеров в хабах
282,0.12411347517730496,0.4397163120567376,0.05673758865248227,0.28368794326241137,14,3,0.03,0.03,hubs,21,False,3%,3% фактчекеров в хабах
282,0.08156028368794327,0.3546099290780142,0.0425531914893617,0.24468085106382978,8,2,0.03,0.03,hubs,22,False,3%,3% фактчекеров в хабах
282,0.11347517730496454,0.4432624113475177,0.04964539007092199,0.31560283687943264,9,2,0.03,0.03,hubs,23,False,3%,3% фактчекеров в хабах
282,0.10638297872340426,0.3475177304964539,0.05319148936170213,0.23049645390070922,7,2,0.03,0.03,hubs,24,False,3%,3% фактчекеров в хабах
282,0.09219858156028368,0.32269503546099293,0.03546099290780142,0.24113475177304963,7,4,0.03,0.03,hubs,25,False,3%,3% фактчекеров в хабах
282,0.09929078014184398,0.32978723404255317,0.05319148936170213,0.23404255319148937,10,5,0.03,0.03,hubs,26,False,3%,3% фактчекеров в хабах
282,0.1879432624113475,0.5815602836879432,0.09574468085106383,0.3617021276595745,16,3,0.03,0.03,hubs,27,False,3%,3% фактчекеров в хабах
282,0.0851063829787234,0.2624113475177305,0.03546099290780142,0.1879432624113475,7,3,0.03,0.03,hubs,28,False,3%,3% фактчекеров в хабах
282,0.0851063829787234,0.3546099290780142,0.031914893617021274,0.2127659574468085,8,2,0.03,0.03,hubs,29,False,3%,3% фактчекеров в хабах
276,0.15217391304347827,0.5797101449275363,0.07246376811594203,0.391304347826087,14,4,0.05,0.03,hubs,0,False,5%,3% фактчекеров в хабах
276,0.13405797101449277,0.4528985507246377,0.05434782608695652,0.34057971014492755,17,4,0.05,0.03,hubs,1,False,5%,3% фактчекеров в хабах
276,0.11956521739130435,0.4855072463768116,0.05434782608695652,0.32971014492753625,13,2,0.05,0.03,hubs,2,False,5%,3% фактчекеров в хабах
276,0.11594202898550725,0.38405797101449274,0.050724637681159424,0.2536231884057971,14,3,0.05,0.03,hubs,3,False,5%,3% фактчекеров в хабах
276,0.14855072463768115,0.532608695652174,0.05434782608695652,0.38405797101449274,17,3,0.05,0.03,hubs,4,False,5%,3% фактчекеров в хабах
276,0.15217391304347827,0.5072463768115942,0.07608695652173914,0.322463768115942,19,4,0.05,0.03,hubs,5,False,5%,3% фактчекеров в хабах
276,0.12681159420289856,0.4492753623188406,0.057971014492753624,0.27898550724637683,13,2,0.05,0.03,hubs,6,False,5%,3% фактчекеров в хабах
276,0.14130434782608695,0.5253623188405797,0.057971014492753624,0.3695652173913043,15,6,0.05,0.03,hubs,7,False,5%,3% фактчекеров в хабах
276,0.15579710144927536,0.4927536231884058,0.09420289855072464,0.31521739130434784,13,5,0.05,0.03,hubs,8,False,5%,3% фактчекеров в хабах
276,0.09782608695652174,0.4166666666666667,0.03985507246376811,0.32608695652173914,12,2,0.05,0.03,hubs,9,False,5%,3% фактчекеров в хабах
276,0.09782608695652174,0.39492753623188404,0.057971014492753624,0.2427536231884058,6,9,0.05,0.03,hubs,10,False,5%,3% фактчекеров в хабах
276,0.16304347826086957,0.5108695652173914,0.07246376811594203,0.358695652173913,20,3,0.05,0.03,hubs,11,False,5%,3% фактчекеров в хабах
276,0.15942028985507245,0.5072463768115942,0.09057971014492754,0.31521739130434784,14,3,0.05,0.03,hubs,12,False,5%,3% фактчекеров в хабах
276,0.12318840579710146,0.463768115942029,0.04710144927536232,0.33695652173913043,9,2,0.05,0.03,hubs,13,False,5%,3% фактчекеров в хабах
276,0.14492753623188406,0.5036231884057971,0.09057971014492754,0.3188405797101449,13,3,0.05,0.03,hubs,14,False,5%,3% фактчекеров в хабах
276,0.11956521739130435,0.44565217391304346,0.04710144927536232,0.27898550724637683,12,3,0.05,0.03,hubs,15,False,5%,3% фактчекеров в хабах
276,0.18478260869565216,0.5688405797101449,0.09057971014492754,0.32608695652173914,18,6,0.05,0.03,hubs,16,False,5%,3% фактчекеров в хабах
276,0.13043478260869565,0.39855072463768115,0.09420289855072464,0.2427536231884058,10,4,0.05,0.03,hubs,17,False,5%,3% фактчекеров в хабах
276,0.14492753623188406,0.5108695652173914,0.08333333333333333,0.3115942028985507,18,3,0.05,0.03,hubs,18,False,5%,3% фактчекеров в хабах
276,0.06884057971014493,0.29347826086956524,0.04710144927536232,0.18478260869565216,7,3,0.05,0.03,hubs,19,False,5%,3% фактчекеров в хабах
276,0.16666666666666666,0.4927536231884058,0.08333333333333333,0.322463768115942,16,2,0.05,0.03,hubs,20,False,5%,3% фактчекеров в хабах
276,0.11231884057971014,0.5,0.050724637681159424,0.35144927536231885,15,2,0.05,0.03,hubs,21,False,5%,3% фактчекеров в хабах
276,0.19202898550724637,0.572463768115942,0.09057971014492754,0.3695652173913043,24,4,0.05,0.03,hubs,22,False,5%,3% фактчекеров в хабах
276,0.13768115942028986,0.4746376811594203,0.06884057971014493,0.29347826086956524,12,3,0.05,0.03,hubs,23,False,5%,3% фактчекеров в хабах
276,0.16304347826086957,0.4963768115942029,0.07246376811594203,0.37318840579710144,15,4,0.05,0.03,hubs,24,False,5%,3% фактчекеров в хабах
276,0.15579710144927536,0.532608695652174,0.07608695652173914,0.40942028985507245,11,3,0.05,0.03,hubs,25,False,5%,3% фактчекеров в хабах
276,0.12318840579710146,0.4420289855072464,0.057971014492753624,0.3188405797101449,13,3,0.05,0.03,hubs,26,False,5%,3% фактчекеров в хабах
276,0.16304347826086957,0.5471014492753623,0.057971014492753624,0.42391304347826086,20,3,0.05,0.03,hubs,27,False,5%,3% фактчекеров в хабах
276,0.19202898550724637,0.5978260869565217,0.11956521739130435,0.3115942028985507,15,2,0.05,0.03,hubs,28,False,5%,3% фактчекеров в хабах
276,0.09057971014492754,0.37681159420289856,0.043478260869565216,0.25,7,3,0.05,0.03,hubs,29,False,5%,3% фактчекеров в хабах
261,0.2222222222222222,0.6934865900383141,0.1111111111111111,0.4789272030651341,24,3,0.1,0.03,hubs,0,True,10%,3% фактчекеров в хабах
261,0.2222222222222222,0.6628352490421456,0.0842911877394636,0.5593869731800766,25,3,0.1,0.03,hubs,1,True,10%,3% фактчекеров в хабах
261,0.1532567049808429,0.5555555555555556,0.07662835249042145,0.4099616858237548,13,3,0.1,0.03,hubs,2,False,10%,3% фактчекеров в хабах
261,0.19540229885057472,0.5977011494252874,0.06896551724137931,0.4444444444444444,18,2,0.1,0.03,hubs,3,False,10%,3% фактчекеров в хабах
261,0.20689655172413793,0.6666666666666666,0.12643678160919541,0.4367816091954023,18,3,0.1,0.03,hubs,4,True,10%,3% фактчекеров в хабах
261,0.1417624521072797,0.5747126436781609,0.08045977011494253,0.4329501915708812,16,3,0.1,0.03,hubs,5,False,10%,3% фактчекеров в хабах
261,0.19923371647509577,0.6513409961685823,0.08812260536398467,0.4942528735632184,23,3,0.1,0.03,hubs,6,False,10%,3% фактчекеров в хабах
261,0.2681992337164751,0.7279693486590039,0.15708812260536398,0.49808429118773945,31,3,0.1,0.03,hubs,7,True,10%,3% фактчекеров в хабах
261,0.20689655172413793,0.6551724137931034,0.10727969348659004,0.4789272030651341,20,2,0.1,0.03,hubs,8,True,10%,3% фактчекеров в хабах
261,0.17624521072796934,0.5747126436781609,0.07662835249042145,0.47509578544061304,18,3,0.1,0.03,hubs,9,False,10%,3% фактчекеров в хабах
261,0.1839080459770115,0.5440613026819924,0.11494252873563218,0.3103448275862069,14,9,0.1,0.03,hubs,10,False,10%,3% фактчекеров в хабах
261,0.24904214559386972,0.735632183908046,0.12260536398467432,0.5287356321839081,26,2,0.1,0.03,hubs,11,True,10%,3% фактчекеров в хабах
261,0.210727969348659,0.6475095785440613,0.09195402298850575,0.5019157088122606,27,3,0.1,0.03,hubs,12,True,10%,3% фактчекеров в хабах
261,0.22988505747126436,0.6666666666666666,0.1417624521072797,0.4367816091954023,22,4,0.1,0.03,hubs,13,True,10%,3% фактчекеров в хабах
261,0.21455938697318008,0.6628352490421456,0.09961685823754789,0.5019157088122606,24,3,0.1,0.03,hubs,14,True,10%,3% фактчекеров в хабах
261,0.1685823754789272,0.578544061302682,0.07662835249042145,0.4329501915708812,17,3,0.1,0.03,hubs,15,False,10%,3% фактчекеров в хабах
261,0.20306513409961685,0.6475095785440613,0.09961685823754789,0.4789272030651341,27,3,0.1,0.03,hubs,16,True,10%,3% фактчекеров в хабах
261,0.18773946360153257,0.6245210727969349,0.09961685823754789,0.4329501915708812,19,2,0.1,0.03,hubs,17,False,10%,3% фактчекеров в хабах
261,0.20306513409961685,0.6015325670498084,0.09961685823754789,0.4521072796934866,18,3,0.1,0.03,hubs,18,True,10%,3% фактчекеров в хабах
261,0.20689655172413793,0.6245210727969349,0.09195402298850575,0.4329501915708812,24,4,0.1,0.03,hubs,19,True,10%,3% фактчекеров в хабах
261,0.1724137931034483,0.6130268199233716,0.06513409961685823,0.47126436781609193,18,2,0.1,0.03,hubs,20,False,10%,3% фактчекеров в хабах
261,0.20306513409961685,0.6398467432950191,0.09195402298850575,0.46360153256704983,19,2,0.1,0.03,hubs,21,True,10%,3% фактчекеров в хабах
261,0.19923371647509577,0.6398467432950191,0.10344827586206896,0.4061302681992337,15,2,0.1,0.03,hubs,22,False,10%,3% фактчекеров в хабах
261,0.19157088122605365,0.5938697318007663,0.07662835249042145,0.45977011494252873,24,3,0.1,0.03,hubs,23,False,10%,3% фактчекеров в хабах
261,0.19540229885057472,0.6091954022988506,0.10344827586206896,0.41379310344827586,17,4,0.1,0.03,hubs,24,False,10%,3% фактчекеров в хабах
261,0.19923371647509577,0.6283524904214559,0.09195402298850575,0.4827586206896552,22,3,0.1,0.03,hubs,25,False,10%,3% фактчекеров в хабах
261,0.21839080459770116,0.6896551724137931,0.07662835249042145,0.5363984674329502,22,2,0.1,0.03,hubs,26,True,10%,3% фактчекеров в хабах
261,0.19157088122605365,0.6360153256704981,0.09961685823754789,0.4559386973180077,12,2,0.1,0.03,hubs,27,False,10%,3% фактчекеров в хабах
261,0.18773946360153257,0.6436781609195402,0.1111111111111111,0.45977011494252873,22,3,0.1,0.03,hubs,28,False,10%,3% фактчекеров в хабах
261,0.1685823754789272,0.5593869731800766,0.05747126436781609,0.48659003831417624,17,3,0.1,0.03,hubs,29,False,10%,3% фактчекеров в хабах
